regime,macro_f1
EN_EN,0.5475621802311417
CN_CN,0.6111330180651416
CN_EN,0.7266878368646518
EN_CN,0.5741820793438659
Joint,0.6550850094551448
